Selection,Sound_file,Start_time,End_time
1,04-040920-02_vehicle_1.wav,30.6492,33.41613926
2,04-040920-02_vehicle_1.wav,32.0326,36.39585037
3,04-040920-02_vehicle_1.wav,33.3097,40.75915185
