{
  "0": {
    "duration": {
      "mean": 4.061877551020408,
      "std": 1.7353571070320408,
      "min": 2.122675736961451,
      "max": 8.618684807256235
    },
    "energy": {
      "mean": 0.15698323212563992,
      "std": 0.04370987060883525
    },
    "spectral_centroid": {
      "mean": 129.93220811315012,
      "std": 32.16349395091799
    },
    "frequency_distribution": {
      "low": 0.6240770816802979,
      "mid": 0.3536160886287689,
      "high": 0.02230679988861084
    },
    "harmonic_ratio": {
      "mean": 0.996834397315979,
      "std": 0.002673027105629444
    },
    "pitch_variation": {
      "mean": 0.0014991588135101364,
      "std": 0.0008562275787874573
    }
  },
  "1": {
    "duration": {
      "mean": 3.821344671201814,
      "std": 1.8057481217507263,
      "min": 1.6960090702947845,
      "max": 7.712018140589569
    },
    "energy": {
      "mean": 0.15092560164630414,
      "std": 0.03938748791210231
    },
    "spectral_centroid": {
      "mean": 140.6066276430144,
      "std": 57.349901558450235
    },
    "frequency_distribution": {
      "low": 0.6737203598022461,
      "mid": 0.2757234573364258,
      "high": 0.05055627226829529
    },
    "harmonic_ratio": {
      "mean": 0.9918962717056274,
      "std": 0.009984656237065792
    },
    "pitch_variation": {
      "mean": 0.0021691598343809423,
      "std": 0.0014191218082401892
    }
  },
  "2": {
    "duration": {
      "mean": 3.536544217687075,
      "std": 1.7352389349580073,
      "min": 1.0026757369614512,
      "max": 7.338684807256236
    },
    "energy": {
      "mean": 0.17103503197431563,
      "std": 0.04639020268228785
    },
    "spectral_centroid": {
      "mean": 167.67750102942634,
      "std": 73.91893977868183
    },
    "frequency_distribution": {
      "low": 0.6540965437889099,
      "mid": 0.30112767219543457,
      "high": 0.04477575793862343
    },
    "harmonic_ratio": {
      "mean": 0.9963778257369995,
      "std": 0.0037695891223847866
    },
    "pitch_variation": {
      "mean": 0.0025275262833652857,
      "std": 0.0021972633256816484
    }
  }
}